seq_suggest,id,name,date,agency,province,budget,midPrice,bid,pct,entity,entity_raw,status,status_raw,plant,workType,fiscalYear,contractNo,signedOn,endsOn
183,68119132050,ซื้อวัสดุจราจร จำนวน 7 รายการ โดยวิธีเฉพาะเจาะจง,2568-11-06,กรมทางหลวง,มหาสารคาม,,25226,25226,,ห้างหุ้นส่วน RMN,ห้างหุ้นส่วนจำกัด อาร์เอ็มเอ็น เอ็นเตอร์ไพส์,จัดทำสัญญาแล้ว,ระหว่างดำเนินการ,,,2569,622/60/69/19,2568-11-06,2568-11-13
184,68119137138,ซื้อวัสดุก่อสร้าง จำนวน 4 รายการ โดยวิธีเฉพาะเจาะจง,2568-11-07,กรมทางหลวง,มหาสารคาม,,352800,352800,,ห้างหุ้นส่วน RMN,ห้างหุ้นส่วนจำกัด อาร์เอ็มเอ็น เอ็นเตอร์ไพส์,จัดทำสัญญาแล้ว,ระหว่างดำเนินการ,,,2569,622/60/69/22,2568-11-07,2568-11-14
185,68119136665,ซื้อวัสดุก่อสร้าง จำนวน 4 รายการ โดยวิธีเฉพาะเจาะจง,2568-11-07,กรมทางหลวง,มหาสารคาม,,265400,265400,,ห้างหุ้นส่วน RMN,ห้างหุ้นส่วนจำกัด อาร์เอ็มเอ็น เอ็นเตอร์ไพส์,จัดทำสัญญาแล้ว,ระหว่างดำเนินการ,,,2569,622/60/69/20,2568-11-07,2568-11-14
186,68119137239,ซื้อวัสดุก่อสร้าง จำนวน 3 รายการ โดยวิธีเฉพาะเจาะจง,2568-11-07,กรมทางหลวง,มหาสารคาม,,112300,112300,,ห้างหุ้นส่วน RMN,ห้างหุ้นส่วนจำกัด อาร์เอ็มเอ็น เอ็นเตอร์ไพส์,จัดทำสัญญาแล้ว,ระหว่างดำเนินการ,,,2569,622/60/69/23,2568-11-07,2568-11-14
187,68119168699,ซื้อวัสดุก่อสร้าง จำนวน 45 รายการ โดยวิธีเฉพาะเจาะจง,2568-11-10,กรมทางหลวง,มหาสารคาม,,99180,99180,,ห้างหุ้นส่วน RMN,ห้างหุ้นส่วนจำกัด อาร์เอ็มเอ็น เอ็นเตอร์ไพส์,จัดทำสัญญาแล้ว,ระหว่างดำเนินการ,,,2569,622/60/69/26,2568-11-10,2568-11-17
188,68119195380,ซื้อวัสดุก่อสร้าง จำนวน 5 รายการ โดยวิธีเฉพาะเจาะจง,2568-11-11,กรมทางหลวง,มหาสารคาม,,183000,183000,,ห้างหุ้นส่วน RMN,ห้างหุ้นส่วนจำกัด อาร์เอ็มเอ็น เอ็นเตอร์ไพส์,จัดทำสัญญาแล้ว,ระหว่างดำเนินการ,,,2569,622/60/69/28,2568-11-11,2568-11-18
189,68119195894,ซื้อวัสดุก่อสร้าง จำนวน 4 รายการ โดยวิธีเฉพาะเจาะจง,2568-11-11,กรมทางหลวง,มหาสารคาม,,137700,137700,,ห้างหุ้นส่วน RMN,ห้างหุ้นส่วนจำกัด อาร์เอ็มเอ็น เอ็นเตอร์ไพส์,จัดทำสัญญาแล้ว,ระหว่างดำเนินการ,,,2569,622/60/69/29,2568-11-11,2568-11-18
190,68119323942,ซื้อวัสดุไฟฟ้า จำนวน 12 รายการ โดยวิธีเฉพาะเจาะจง,2568-11-18,กรมทางหลวง,มหาสารคาม,,489085,489085,,ห้างหุ้นส่วน RMN,ห้างหุ้นส่วนจำกัด อาร์เอ็มเอ็น เอ็นเตอร์ไพส์,จัดทำสัญญาแล้ว,ระหว่างดำเนินการ,,,2569,622/45/69/30,2568-11-18,2568-11-25
191,68119329419,ซื้อวัสดุก่อสร้าง จำนวน 3 รายการ โดยวิธีเฉพาะเจาะจง,2568-11-19,กรมทางหลวง,มหาสารคาม,,229500,229500,,ห้างหุ้นส่วน RMN,ห้างหุ้นส่วนจำกัด อาร์เอ็มเอ็น เอ็นเตอร์ไพส์,จัดทำสัญญาแล้ว,ระหว่างดำเนินการ,,,2569,622/60/69/32,2568-11-19,2568-11-26
192,68109409730,ประกวดราคาจ้างก่อสร้างโครงการบูรณะโครงข่ายทางหลวงเชื่อมโยงระหว่างภาค ปี 2569 รหัสงาน 28100 กิจกรรมบูรณะโครงข่ายทางหลวงเชื่อมโยงระหว่างภาค งานบูรณะโครงข่ายทางหลวงหมายเลข 202 ตอน ลำพังชู - ห้วยลำเตา ตอน 2 ระหว่าง กม.132+004 - กม.134+160 (RT.) ปริมาณงาน 1 แห่ง (2.156 กม.) ด้วยวิธีประกวดราคาอิเล็กทรอนิกส์ (e-bidding),2568-12-01,กรมทางหลวง,มหาสารคาม,,24579463,24570000,,กิจการร่วมค้า รักดี,กิจการร่วมค้า รักดี,จัดทำสัญญาแล้ว,ระหว่างดำเนินการ,,,2569,มค.1/2569,2568-12-01,2569-03-01
193,68109050721,ประกวดราคาจ้างก่อสร้างงานซ่อมสร้างผิวทางแอสฟัลติกคอนกรีต (โดยวิธี Pavement In-Place Recycling) มค.๓๐๐๖ แยกทางหลวงหมายเลข ๑๒ - บ้านโคกพระ อำเภอกันทรวิชัย  จังหวัดมหาสารคาม ด้วยวิธีประกวดราคาอิเล็กทรอนิกส์ (e-bidding),2568-12-04,กรมทางหลวงชนบท,มหาสารคาม,,9715253.7,9695000,,กิจการร่วมค้า ตักสิลา,กิจการร่วมค้า ตักสิลา,จัดทำสัญญาแล้ว,ระหว่างดำเนินการ,,,2569,23/2569,2568-12-04,2569-03-04
194,68109050053,ประกวดราคาจ้างก่อสร้างงานซ่อมสร้างผิวทางแอสฟัลติกคอนกรีต (โดยวิธี Pavement In-Place Recycling) มค.๓๐๐๑ แยกทางหลวงหมายเลข ๒๑๓ - บ้านมะค่่า อำเภอกันทรวิชัย  จังหวัดมหาสารคาม ด้วยวิธีประกวดราคาอิเล็กทรอนิกส์ (e-bidding),2568-12-04,กรมทางหลวงชนบท,มหาสารคาม,,9710436.68,9695000,,กิจการร่วมค้า ตักสิลา,กิจการร่วมค้า ตักสิลา,จัดทำสัญญาแล้ว,ระหว่างดำเนินการ,,,2569,21/2569,2568-12-04,2569-03-04
195,68109334331,ประกวดราคาจ้างก่อสร้างโครงการซ่อมสร้างผิวทางแอสฟัลต์คอนกรีต (โดยวิธี Pavement In - Place Recycling)  งานบำรุง ขก.021 สะพานโคกสี - ศิลา อำเภอเมืองขอนแก่น จังหวัดขอนแก่น  จำนวน  1  แห่ง ด้วยวิธีประกวดราคาอิเล็กทรอนิกส์ (e-bidding),2568-12-08,กรมทางหลวงชนบท,ขอนแก่น,,7508038.57,7496000,,ห้างหุ้นส่วน RMN,ห้างหุ้นส่วนจำกัด อาร์เอ็มเอ็น เอ็นเตอร์ไพส์,จัดทำสัญญาแล้ว,ระหว่างดำเนินการ,,,2569,ขทช.ขก/02/2569,2568-12-08,2569-03-08
196,68129157670,ซื้อวัสดุก่อสร้าง จำนวน 8 รายการ โดยวิธีเฉพาะเจาะจง,2568-12-08,กรมทางหลวง,มหาสารคาม,,17305,17305,,ห้างหุ้นส่วน RMN,ห้างหุ้นส่วนจำกัด อาร์เอ็มเอ็น เอ็นเตอร์ไพส์,จัดทำสัญญาแล้ว,ระหว่างดำเนินการ,,,2569,622/60/69/51,2568-12-08,2568-12-16
197,68109133090,"ประกวดราคาจ้างก่อสร้างแผนรายประมาณการ กิจกรรมบำรุงรักษาทางหลวง ปี พ.ศ. 2569 รหัสงาน 24100 งานบูรณะทางผิวแอสฟัลต์ งานบำรุงพิเศษและบูรณะ ทางหลวงหมายเลข 208 ตอน  หนองสระพัง - มหาสารคาม ตอน 1 ระหว่าง กม. 26 + 884 - กม. 27 + 488 (LT.,RT.) ปริมาณงาน 1 แห่ง ด้วยวิธีประกวดราคาอิเล็กทรอนิกส์ (e-bidding)",2568-12-09,กรมทางหลวง,มหาสารคาม,,11563485.96,11558000,,กิจการร่วมค้า ตักสิลา,กิจการร่วมค้า ตักสิลา,จัดทำสัญญาแล้ว,ระหว่างดำเนินการ,,,2569,มค.15/2569,2568-12-09,2569-03-09
198,68109269796,ประกวดราคาจ้างก่อสร้างกิจกรรมก่อสร้างเพิ่มประสิทธิภาพทางหลวง งานก่อสร้างเพิ่มประสิทธิภาพทางหลวง  ทางหลวงหมายเลข  2346 ตอนควบคุม 0100  ตอน ดอนเชียงบาน - นาหว้า  ระหว่าง กม.18+015 - กม.19+340  ปริมาณงาน 1 แห่ง  ( 1.325 กม.)  เวลาดำเนินการ  150 วัน ด้วยวิธีประกวดราคาอิเล็กทรอนิกส์ (e-bidding),2568-12-11,กรมทางหลวง,สกลนคร,,14443917.77,14442000,,กิจการร่วมค้า RMN,กิจการร่ามค้า อาร์เอ็มเอ็น,จัดทำสัญญาแล้ว,ระหว่างดำเนินการ,,,2569,สน 35/2569,2568-12-11,2569-05-10
199,68109186868,"ประกวดราคาจ้างก่อสร้างงานจ้างเหมาทำการกิจกรรมบำรุงรักษาทางหลวง งานบูรณะทางผิวแอสฟัลต์ งานบำรุงพิเศษและบูรณะทางหลวงหมายเลข  2094 ตอน พรรณานิคม - ผาอินทร์ ระหว่าง กม.15+250 - กม.17+000 LT.,RT. ปริมาณงาน 1 แห่ง (15,750 ตร.ม.) ด้วยวิธีประกวดราคาอิเล็กทรอนิกส์ (e-bidding)",2568-12-12,กรมทางหลวง,สกลนคร,,14220460,14214000,,ห้างหุ้นส่วน RMN,ห้างหุ้นส่วนจำกัด อาร์เอ็มเอ็น เอ็นเตอร์ไพส์,จัดทำสัญญาแล้ว,ระหว่างดำเนินการ,,,2569,สด.35/2569,2568-12-12,
200,68109299381,ประกวดราคาจ้างก่อสร้างกิจกรรมบำรุงรักษาทางหลวง ประจำปี 2569   รหัสงาน 24100 งานบูรณะทางผิวแอสฟัลต์ งานบำรุงพิเศษและบูรณะ ทางหลวงหมายเลข  2096  ตอน หนองเม็ก - บ้านดุง   ตอน 3  ระหว่าง กม.29+097 - กม.30+145 ด้วยวิธีประกวดราคาอิเล็กทรอนิกส์ (e-bidding),2568-12-15,กรมทางหลวง,อุดรธานี,,11705592.71,11695000,,กิจการร่วมค้า ตักสิลา,กิจการร่วมค้า ตักสิลา,จัดทำสัญญาแล้ว,ระหว่างดำเนินการ,,,2569,อด.2/22/2569,2568-12-15,2569-03-15
201,68109310450,ประกวดราคาจ้างก่อสร้างงานบำรุงถนนสาย อด.๔๐๑๘ แยกทางหลวงหมายเลข ๒๐๒๑ - บ้านกุดจับ  อำเภอบ้านผือ  จังหวัดอุดรธานี  จำนวน  ๑  แห่ง ด้วยวิธีประกวดราคาอิเล็กทรอนิกส์ (e-bidding),2568-12-17,กรมทางหลวงชนบท,อุดรธานี,,9991779.39,9880000,,กิจการร่วมค้า ตักสิลา,กิจการร่วมค้า ตักสิลา,จัดทำสัญญาแล้ว,ระหว่างดำเนินการ,,,2569,5/2569,2568-12-17,2569-03-17
202,68119063610,ประกวดราคาจ้างก่อสร้างแผนรายประมาณการกิจกรรมบำรุงรักษาทางหลวง ปี 2569 รหัสงาน 24100 งานบูรณะทางผิวแอสฟัลต์ งานบำรุงพิเศษและบูรณะ ทางหลวงหมายเลข 2146 ตอน หนองบัวลำภู-เขื่อนอุบลรัตน์ ตอน 1 ระหว่าง กม.56+700-กม.58+438 ด้วยวิธีประกวดราคาอิเล็กทรอนิกส์ (e-bidding),2568-12-18,กรมทางหลวง,หนองบัวลำภู,,14708509.06,14698000,,กิจการร่วมค้า ตักสิลา,กิจการร่วมค้า ตักสิลา,จัดทำสัญญาแล้ว,ระหว่างดำเนินการ,,,2569,นภ./11/2569,2568-12-18,2569-03-18
203,68109293855,"ประกวดราคาจ้างก่อสร้างโครงการงานบำรุงถนนสาย นพ.4061 แยกทางหลวงหมายเลข 2417 - บ้านข่า (ตอนที่ 1) อำเภอนาทม, ศรีสงคราม จังหวัดนครพนม จำนวน 1 แห่ง ด้วยวิธีประกวดราคาอิเล็กทรอนิกส์ (e-bidding)",2568-12-18,กรมทางหลวงชนบท,นครพนม,,9901084.27,9880000,,กิจการร่วมค้า ตักสิลา,กิจการร่วมค้า ตักสิลา,จัดทำสัญญาแล้ว,ระหว่างดำเนินการ,,,2569,ขทช.นพ.019/2569,2568-12-18,2569-02-16
204,68119070027,ประกวดราคาจ้างก่อสร้างกิจกรรมบำรุงรักษาทางหลวง ปี ๒๕๖๙ รหัสงาน ๒๔๑๐๐ งานบูรณะทางผิวแอสฟัลต์ งานบำรุงพิเศษและบูรณะ ทางหลวงหมายเลข ๒๐๑ ตอน โนนหัน - ผานกเค้า ตอน ๓ ระหว่าง กม.๒๖๐+๐๐๐ - กม.๒๖๑+๓๒๐ ด้วยวิธีประกวดราคาอิเล็กทรอนิกส์ (e-bidding),2568-12-19,กรมทางหลวง,ขอนแก่น,,14773224.27,13998000,,กิจการร่วมค้า ตักสิลา,กิจการร่วมค้า ตักสิลา,จัดทำสัญญาแล้ว,ระหว่างดำเนินการ,,,2569,ขก.2/28/2569,2568-12-19,2569-03-19
205,68119067299,ประกวดราคาจ้างก่อสร้างกิจกรรมบำรุงรักษาทางหลวง ปี ๒๕๖๙ รหัสงาน ๒๔๑๐๐ งานบูรณะทางผิวแอสฟัลต์ งานบำรุงพิเศษและบูรณะ ทางหลวงหมายเลข ๒๐๑ ตอน โนนหัน - ผานกเค้า ตอน ๒ ระหว่าง กม.๒๕๗+๑๙๓ - กม.๒๕๘+๕๒๐ ด้วยวิธีประกวดราคาอิเล็กทรอนิกส์ (e-bidding),2568-12-19,กรมทางหลวง,ขอนแก่น,,14771331.57,13998000,,กิจการร่วมค้า ตักสิลา,กิจการร่วมค้า ตักสิลา,จัดทำสัญญาแล้ว,ระหว่างดำเนินการ,,,2569,ขก.2/27/2569,2568-12-19,2569-03-19
206,68109422332,"ประกวดราคาจ้างก่อสร้างงานจ้างเหมางานบำรุงถนนสาย นค.๔๐๑๓  แยกทางหลวงหมายเลข ๒๒๓๐  บ้านเลิศไมตรี อำเภอโพนพิสัย,เฝ้าไร่ จังหวัดหนองคาย จำนวน  1 แห่ง ด้วยวิธีประกวดราคาอิเล็กทรอนิกส์ (e-bidding)",2568-12-19,กรมทางหลวงชนบท,หนองคาย,,12005416.82,11990000,,กิจการร่วมค้า ตักสิลา,กิจการร่วมค้า ตักสิลา,จัดทำสัญญาแล้ว,ระหว่างดำเนินการ,,,2569,ขทช.นค./10/2569,2568-12-19,2569-04-08
207,68109345934,"ประกวดราคาจ้างก่อสร้างงานซ่อมสร้างผิวทางแอสฟัลต์คอนกรีต (โดยวิธี PAVEMENT IN-PLACE RECYLING) สาย บก.3007 แยกทางหลวงหมายเลข 212 - บ้านใหม่พัฒนา อ.เมืองบึงกาฬ, ศรีวิไล จ.บึงกาฬ จำนวน 1 แห่ง ด้วยวิธีประกวดราคาอิเล็กทรอนิกส์ (e-bidding)",2568-12-19,กรมทางหลวงชนบท,บึงกาฬ,,9912509.01,9880000,,กิจการร่วมค้า ตักสิลา,กิจการร่วมค้า ตักสิลา,จัดทำสัญญาแล้ว,ระหว่างดำเนินการ,,,2569,ขทช.บก./8/2569,2568-12-19,2569-03-24
208,68109356021,ประกวดราคาจ้างก่อสร้างงานบำรุงถนนสาย สน.๒๐๐๑ แยกทางหลวงหมายเลข ๒๒ - บ้านโพนแพง อ.กุสุมาลย์ จ.สกลนคร จำนวน ๑ แห่ง ด้วยวิธีประกวดราคาอิเล็กทรอนิกส์ (e-bidding),2568-12-19,กรมทางหลวงชนบท,สกลนคร,,9006052.81,8990000,,กิจการร่วมค้า ตักสิลา,กิจการร่วมค้า ตักสิลา,จัดทำสัญญาแล้ว,ระหว่างดำเนินการ,,,2569,ขทช.สน. 12/2569,2568-12-19,2569-03-04
209,68109353585,ประกวดราคาจ้างก่อสร้างงานบำรุงถนนสาย ลย.4016 แยกทางหลวงหมายเลข 2141 - บ้านเพิ่ม อ.ผาขาว จ.เลย จำนวน 1 แห่ง ด้วยวิธีประกวดราคาอิเล็กทรอนิกส์ (e-bidding),2568-12-22,กรมทางหลวงชนบท,เลย,,4922900.44,4880000,,กิจการร่วมค้า รักดี,กิจการร่วมค้า รักดี,จัดทำสัญญาแล้ว,ระหว่างดำเนินการ,,,2569,ขทช.เลย/27/2569,2568-12-22,2569-03-12
210,68119056821,"ประกวดราคาจ้างก่อสร้างงานจ้างเหมาทำการงานบูรณะทางผิวแอสฟัลต์ งานบำรุงพิเศษและบูรณะ ทางหลวงหมายเลข 2400 ตอนควบคุม 0100 ตอน หนองหิน-เอราวัณ ตอน 1 ระหว่าง กม.24+000-กม.25+110 LT., RT. ปริมาณงาน 9,990 ตร.ม. ด้วยวิธีประกวดราคาอิเล็กทรอนิกส์ (e-bidding)",2568-12-23,กรมทางหลวง,เลย,,9670045.05,9660000,,กิจการร่วมค้า ตักสิลา,กิจการร่วมค้า ตักสิลา,จัดทำสัญญาแล้ว,ระหว่างดำเนินการ,,,2569,ลย.1/29/2569,2568-12-23,2569-03-23
211,68129476994,ซื้อASPHALT CONCRETE(HOT MIX) จำนวน 40 ตัน โดยวิธีเฉพาะเจาะจง,2568-12-23,กรมทางหลวง,มหาสารคาม,,101564.4,101564.4,,ห้างหุ้นส่วน RMN,ห้างหุ้นส่วนจำกัด อาร์เอ็มเอ็น เอ็นเตอร์ไพส์,จัดทำสัญญาแล้ว,ระหว่างดำเนินการ,,,2569,622/60/69/64,2568-12-23,2568-12-30
212,68109275714,ประกวดราคาจ้างก่อสร้างงานบำรุงถนน สาย นภ 3007 แยกทางหลวงหมายเลข 228 - บ้านวังลาน (ตอนหนองบัวลำภู )  อำเภอศรีบุญเรือง จังหวัดหนองบัวลำภู  จำนวน  1  แห่ง ด้วยวิธีประกวดราคาอิเล็กทรอนิกส์ (e-bidding),2568-12-24,กรมทางหลวงชนบท,หนองบัวลำภู,,9224357.79,9195000,,กิจการร่วมค้า ตักสิลา,กิจการร่วมค้า ตักสิลา,จัดทำสัญญาแล้ว,ระหว่างดำเนินการ,,,2569,ขทช.นภ./014/2569,2568-12-24,2569-03-09
213,68129532869,"จ้างเหมาปรับระดับผิวทาง ทางหลวงหมายเลข 213 ตอนควบคุม 0101 ตอน มหาสารคาม - หนองขอน ระหว่าง กม.5+490 - กม.5+542, กม.5+577 - กม.5+638(L) ปริมาณงาน 1 แห่ง โดยวิธีเฉพาะเจาะจง",2568-12-24,กรมทางหลวง,มหาสารคาม,,,488946,,ห้างหุ้นส่วน RMN,ห้างหุ้นส่วนจำกัด อาร์เอ็มเอ็น เอ็นเตอร์ไพส์,จัดทำสัญญาแล้ว,ระหว่างดำเนินการ,,,2569,ข.มค.บ.13/2569,2568-12-24,2569-01-13
214,69019209244,ซื้อASPHALT CONCRETE(HOT MIX) จำนวน 45 ตัน โดยวิธีเฉพาะเจาะจง,2569-01-14,กรมทางหลวง,มหาสารคาม,,114259.95,114259.95,,ห้างหุ้นส่วน RMN,ห้างหุ้นส่วนจำกัด อาร์เอ็มเอ็น เอ็นเตอร์ไพส์,จัดทำสัญญาแล้ว,ระหว่างดำเนินการ,,,2569,622/60/69/68,2569-01-14,2569-01-21
215,69019470942,ซื้อวัสดุจราจร จำนวน 8 รายการ โดยวิธีเฉพาะเจาะจง,2569-01-26,กรมทางหลวง,มหาสารคาม,,53580,53580,,ห้างหุ้นส่วน RMN,ห้างหุ้นส่วนจำกัด อาร์เอ็มเอ็น เอ็นเตอร์ไพส์,จัดทำสัญญาแล้ว,ระหว่างดำเนินการ,,,2569,622/60/69/77,2569-01-26,2569-02-02
216,68109139546,"ประกวดราคาจ้างก่อสร้างซ่อมแซมผิวจราจรด้วยวิธีการเสริมผิวถนนแอสฟัลติกคอนกรีต เส้นถนนกลางบ้าน บ้านปอแดง หมู่ที่ 6 ตำบลขามเฒ่าพัฒนา กว้าง 5.00 เมตร ยาว 350.00 เมตร หนา 0.05 เมตร หรือมีพื้นที่รวมไม่น้อยกว่า 1,750.00 ตารางเมตร ด้วยวิธีประกวดราคาอิเล็กทรอนิกส์ (e-bidding)",2569-01-28,องค์การบริหารส่วนตำบลขามเฒ่าพัฒนา,มหาสารคาม,,812074.15,478000,,กิจการร่วมค้า รักดี,กิจการร่วมค้า รักดี,จัดทำสัญญาแล้ว,ระหว่างดำเนินการ,,,2569,002/2569,2569-01-28,2569-03-14
217,68129291079,"ประกวดราคาจ้างก่อสร้างโครงการปรับปรุงถนนแอสฟัลติกคอนกรีต รหัสทางหลวงท้องถิ่น มค.ถ.1-0087 บ้านปะหลาน ตำบลปะหลาน   บ้านดอนหลี่ ตำบลหนองบัวแก้ว กว้าง  6 เมตร  ยาวไม่น้อยกว่า 2,230 เมตร หนา 0.05 เมตร หรือมีพื้นที่ไม่น้อยกว่า  13,380  ตารางเมตร อำเภอพยัคฆภูมิพิสัย จังหวัดมหาสารคาม ตามแบบรูปรายการละเอียดที่องค์การบริหารส่วนจังหวัดมหาสารคาม ด้วยวิธีประกวดราคาอิเล็กทรอนิกส์ (e-bidding)",2569-02-11,องค์การบริหารส่วนจังหวัดมหาสารคาม,มหาสารคาม,,8312212.98,7388000,,กิจการร่วมค้า RMN,กิจการร่ามค้า อาร์เอ็มเอ็น,จัดทำสัญญาแล้ว,ระหว่างดำเนินการ,,,2569,3/2569,2569-02-11,2569-06-11
218,68129276858,"ประกวดราคาจ้างก่อสร้างโครงการปรับปรุงถนนแอสฟัลติกคอนกรีต รหัสทางหลวงท้องถิ่น มค.ถ.1-0055 บ้านดอนกลอย ตำบลเขวาไร่ - บ้านนาข่า ตำบลนาข่า กว้าง  6 - 8 เมตร  ยาวไม่น้อยกว่า 2,400 เมตร หนา 0.05 เมตร หรือมีพื้นที่ไม่น้อยกว่า  14,400  ตารางเมตร อำเภอวาปีปทุม จังหวัดมหาสารคาม ด้วยวิธีประกวดราคาอิเล็กทรอนิกส์ (e-bidding)",2569-02-19,องค์การบริหารส่วนจังหวัดมหาสารคาม,มหาสารคาม,,9218407.73,8188000,,กิจการร่วมค้า RMN,กิจการร่ามค้า อาร์เอ็มเอ็น,จัดทำสัญญาแล้ว,ระหว่างดำเนินการ,,,2569,6/2569,2569-02-19,2569-06-19
219,68129275095,"ประกวดราคาจ้างก่อสร้างโครงการปรับปรุงถนนแอสฟัลติกคอนกรีต รหัสทางหลวงท้องถิ่น มค.ถ.1-0073 บ้านโนนสวรรค์  ตำบลหนองแวง - บ้านปอแดง ตำบลเลิงแฝก กว้าง  6  เมตร  ยาวไม่น้อยกว่า 2,400 เมตร หนา 0.05 เมตร หรือมีพื้นที่ไม่น้อยกว่า  14,400  ตารางเมตร อำเภอกุดรัง จังหวัดมหาสารคาม ด้วยวิธีประกวดราคาอิเล็กทรอนิกส์ (e-bidding)",2569-02-19,องค์การบริหารส่วนจังหวัดมหาสารคาม,มหาสารคาม,,9186676.91,5688000,,กิจการร่วมค้า RMN,กิจการร่ามค้า อาร์เอ็มเอ็น,จัดทำสัญญาแล้ว,ระหว่างดำเนินการ,,,2569,7/2569,2569-02-19,2569-06-19
220,68129276566,"ประกวดราคาจ้างก่อสร้างโครงการปรับปรุงถนนแอสฟัลติกคอนกรีต รหัสทางหลวงท้องถิ่น มค.ถ.1-0027 บ้านแดง ตำบลหนองแสง - บ้านตำแย ตำบลแคน กว้าง  6 - 8 เมตร  ยาวไม่น้อยกว่า 1,760 เมตร หนา 0.05 เมตร หรือมีพื้นที่ไม่น้อยกว่า  14,080  ตารางเมตร อำเภอวาปีปทุม จังหวัดมหาสารคาม ด้วยวิธีประกวดราคาอิเล็กทรอนิกส์ (e-bidding)",2569-02-19,องค์การบริหารส่วนจังหวัดมหาสารคาม,มหาสารคาม,,9189122.43,5688000,,กิจการร่วมค้า RMN,กิจการร่ามค้า อาร์เอ็มเอ็น,จัดทำสัญญาแล้ว,ระหว่างดำเนินการ,,,2569,05/2569,2569-02-19,2569-06-19
221,68129285329,"ประกวดราคาจ้างก่อสร้างโครงการปรับปรุงถนนแอสฟัลติกคอนกรีต รหัสทางหลวงท้องถิ่น มค.ถ.1-0023 บ้านหนองแวง ตำบลบัวมาศ - บ้านหนองขี ตำบลนาข่า กว้าง  6 เมตร  ยาวไม่น้อยกว่า 2,110 เมตร หนา 0.05 เมตร หรือมีพื้นที่ไม่น้อยกว่า  12,660  ตารางเมตร อำเภอบรบือ จังหวัดมหาสารคาม ตามแบบรูปรายการละเอียดที่องค์การบริหารส่วนจังหวัดมหาสารคามกำหนด ด้วยวิธีประกวดราคาอิเล็กทรอนิกส์ (e-bidding)",2569-02-19,องค์การบริหารส่วนจังหวัดมหาสารคาม,มหาสารคาม,,8049425.88,4898000,,กิจการร่วมค้า RMN,กิจการร่ามค้า อาร์เอ็มเอ็น,จัดทำสัญญาแล้ว,ระหว่างดำเนินการ,,,2569,08/2569,2569-02-19,2569-06-19
222,68129274619,"ประกวดราคาจ้างก่อสร้างโครงการปรับปรุงถนนแอสฟัลติกคอนกรีต รหัสทางหลวงท้องถิ่น มค.ถ.1-0032 บ้านโพธิ์ ตำบลหนองแสง-บ้านตำแย ตำบลโพธิ์ชัย กว้าง  6-8 เมตร  ยาวไม่น้อยกว่า  1,980 เมตร หนา 0.05 เมตร หรือมีพื้นที่ไม่น้อยกว่า  11,880  ตารางเมตร อำเภอวาปีปทุม จังหวัดมหาสารคาม ด้วยวิธีประกวดราคาอิเล็กทรอนิกส์ (e-bidding)",2569-02-19,องค์การบริหารส่วนจังหวัดมหาสารคาม,มหาสารคาม,,7832535.67,4788000,,กิจการร่วมค้า RMN,กิจการร่ามค้า อาร์เอ็มเอ็น,จัดทำสัญญาแล้ว,ระหว่างดำเนินการ,,,2569,04/2569,2569-02-19,2569-06-19
223,69029378310,ซื้อวัสดุจราจร จำนวน 4 รายการ โดยวิธีเฉพาะเจาะจง,2569-02-20,กรมทางหลวง,มหาสารคาม,,299500,299500,,ห้างหุ้นส่วน RMN,ห้างหุ้นส่วนจำกัด อาร์เอ็มเอ็น เอ็นเตอร์ไพส์,จัดทำสัญญาแล้ว,ระหว่างดำเนินการ,,,2569,622/60/69/84,2569-02-20,2569-02-27
224,69029442102,ซื้อแก๊ส LPG (ถังบรรจุ 15 กิโลกรัม) จำนวน 15 ถัง โดยวิธีเฉพาะเจาะจง,2569-02-20,กรมทางหลวง,มหาสารคาม,,7500,7500,,ห้างหุ้นส่วน RMN,ห้างหุ้นส่วนจำกัด อาร์เอ็มเอ็น เอ็นเตอร์ไพส์,จัดทำสัญญาแล้ว,ระหว่างดำเนินการ,,,2569,622/35/69/16,2569-02-20,2569-02-27
225,69029419679,ซื้อวัสดุจราจร จำนวน 4 รายการ โดยวิธีเฉพาะเจาะจง,2569-02-23,กรมทางหลวง,มหาสารคาม,,491400,491400,,ห้างหุ้นส่วน RMN,ห้างหุ้นส่วนจำกัด อาร์เอ็มเอ็น เอ็นเตอร์ไพส์,จัดทำสัญญาแล้ว,ระหว่างดำเนินการ,,,2569,622/60/69/86,2569-02-23,2569-03-02
226,69029420847,ซื้อวัสดุจราจร จำนวน 10 รายการ โดยวิธีเฉพาะเจาะจง,2569-02-23,กรมทางหลวง,มหาสารคาม,,222600,222600,,ห้างหุ้นส่วน RMN,ห้างหุ้นส่วนจำกัด อาร์เอ็มเอ็น เอ็นเตอร์ไพส์,จัดทำสัญญาแล้ว,ระหว่างดำเนินการ,,,2569,622/60/69/87,2569-02-23,2569-03-02
227,68119318089,"ประกวดราคาจ้างก่อสร้างปรับปรุงผิวจราจรถนนถีนานนท์ช่วงแยกป่าไม้ถึงสุดเขตเทศบาลทางไปอำเภอสมเด็จ ผิวจราจรแอสฟัลท์ติก ระหว่าง กม. 43 + 950 - 48 + 498  รวมระยะทาง 4,146 เมตร หรือมีพื้นที่ไม่น้อยกว่า ๑๐๓,๔๒๓ ตารางเมตร ตำบลกาฬสินธุ์ อำเภอเมืองกาฬสินธุ์ จังหวัดกาฬสินธุ์ ด้วยวิธีประกวดราคาอิเล็กทรอนิกส์ (e-bidding)",2569-02-25,เทศบาลเมืองกาฬสินธุ์,กาฬสินธุ์,,43104220.07,25848000,,กิจการร่วมค้า RMN,กิจการร่ามค้า อาร์เอ็มเอ็น,จัดทำสัญญาแล้ว,ระหว่างดำเนินการ,,,2569,5/2569,2569-02-25,2569-08-24
228,69039011202,ซื้อวัสดุไฟฟ้า จำนวน 18 รายการ โดยวิธีเฉพาะเจาะจง,2569-03-02,กรมทางหลวง,มหาสารคาม,,489440,489544,,ห้างหุ้นส่วน RMN,ห้างหุ้นส่วนจำกัด อาร์เอ็มเอ็น เอ็นเตอร์ไพส์,จัดทำสัญญาแล้ว,ระหว่างดำเนินการ,,,2569,622/45/69/88,2569-03-02,2569-03-10
229,69039032771,ซื้อวัสดุจราจร จำนวน 10 รายการ โดยวิธีเฉพาะเจาะจง,2569-03-04,กรมทางหลวง,มหาสารคาม,,116610,116610,,ห้างหุ้นส่วน RMN,ห้างหุ้นส่วนจำกัด อาร์เอ็มเอ็น เอ็นเตอร์ไพส์,จัดทำสัญญาแล้ว,ระหว่างดำเนินการ,,,2569,622/60/69/92,2569-03-04,2569-03-11
230,69039176522,ซื้อแบริเออร์พลาสติกสีส้ม ขนาด 50x80x100 เซนติเมตร จำนวน 25 อัน โดยวิธีเฉพาะเจาะจง,2569-03-11,กรมทางหลวง,มหาสารคาม,,90000,90000,,ห้างหุ้นส่วน RMN,ห้างหุ้นส่วนจำกัด อาร์เอ็มเอ็น เอ็นเตอร์ไพส์,จัดทำสัญญาแล้ว,ระหว่างดำเนินการ,,,2569,622/60/69/96,2569-03-11,2569-03-18
231,68119262200,ประกวดราคาจ้างก่อสร้างโครงการปรับปรุงถนนแอสฟัลต์ติกคอนกรีต จากสายบ้านดงเกษม หมู่ที่ ๒ ตำบลนาแสง อำเภอศรีวิไล ถึง บ้านคำบอน หมู่ที่ ๒ ตำบลน้ำจั้น อำเภอเซกา จังหวัดบึงกาฬ ด้วยวิธีประกวดราคาอิเล็กทรอนิกส์ (e-bidding),2569-03-16,องค์การบริหารส่วนจังหวัดบึงกาฬ,บึงกาฬ,,8963097.24,8958000,,กิจการร่วมค้า RMN,กิจการร่ามค้า อาร์เอ็มเอ็น,จัดทำสัญญาแล้ว,ระหว่างดำเนินการ,,,2569,E14/2569,2569-03-16,2569-06-14
232,69039274662,จ้างเหมาปรับระดับผิวทาง ทางหลวงหมายเลข 213 ตอนควบคุม 0101 ตอน มหาสารคาม - หนองขอน ระหว่าง กม.3+262 - กม.3+374 (RT.) โดยวิธีเฉพาะเจาะจง,2569-03-16,กรมทางหลวง,มหาสารคาม,,480739,480739,,ห้างหุ้นส่วน RMN,ห้างหุ้นส่วนจำกัด อาร์เอ็มเอ็น เอ็นเตอร์ไพส์,จัดทำสัญญาแล้ว,ระหว่างดำเนินการ,,,2569,ข.มค.บ.16/2569,2569-03-16,2569-04-05
233,69049067139,ซื้อวัสดุไฟฟ้า จำนวน 17 รายการ โดยวิธีเฉพาะเจาะจง,2569-04-03,กรมทางหลวง,มหาสารคาม,,387360,387360,,ห้างหุ้นส่วน RMN,ห้างหุ้นส่วนจำกัด อาร์เอ็มเอ็น เอ็นเตอร์ไพส์,จัดทำสัญญาแล้ว,ระหว่างดำเนินการ,,,2569,622/45/69/109,2569-04-03,2569-04-16
234,69049093987,ซื้อหลักนำทางล้มลุก ขนาด 8x80 ซม. พร้อมอุปรณ์ครบชุด จำนวน 40 ต้น โดยวิธีเฉพาะเจาะจง,2569-04-03,กรมทางหลวง,มหาสารคาม,,79200,79200,,ห้างหุ้นส่วน RMN,ห้างหุ้นส่วนจำกัด อาร์เอ็มเอ็น เอ็นเตอร์ไพส์,จัดทำสัญญาแล้ว,ระหว่างดำเนินการ,,,2569,622/60/69/114,2569-04-03,2569-04-16
235,69049068154,ซื้อวัสดุจราจร จำนวน 9 รายการ โดยวิธีเฉพาะเจาะจง,2569-04-03,กรมทางหลวง,มหาสารคาม,,38194,38194,,ห้างหุ้นส่วน RMN,ห้างหุ้นส่วนจำกัด อาร์เอ็มเอ็น เอ็นเตอร์ไพส์,จัดทำสัญญาแล้ว,ระหว่างดำเนินการ,,,2569,622/60/69/110,2569-04-03,2569-04-16
